,uic,Station,Code,Lat-coord,Lng-coord,Type,Type code,Randstad
0,8400319,'s-Hertogenbosch,HT,51.69048,5.29362,knooppuntIntercitystation,1,0.0
1,8400320,'s-Hertogenbosch Oost,HTO,51.700553894043,5.3183331489563,stoptreinstation,0,0.0
2,8400388,'t Harde,HDE,52.4091682,5.893611,stoptreinstation,0,0.0
5,8400045,Aalten,ATN,51.921326524551,6.5786272287369,stoptreinstation,0,0.0
6,8400047,Abcoude,AC,52.2785,4.977,stoptreinstation,0,1.0
11,8400049,Akkrum,AKM,53.046390533447,5.843611240387,stoptreinstation,0,0.0
13,8400050,Alkmaar,AMR,52.63777923584,4.7397222518921,knooppuntIntercitystation,1,0.0
14,8400052,Alkmaar Noord,AMRN,52.643890380859,4.7641668319702,stoptreinstation,0,0.0
15,8400051,Almelo,AML,52.358055114746,6.6538887023926,knooppuntIntercitystation,1,0.0
16,8400520,Almelo de Riet,AMRI,52.341945648193,6.6666665077209,stoptreinstation,0,0.0
17,8400081,Almere Buiten,ALMB,52.394165039062,5.2780556678772,stoptreinstation,0,1.0
18,8400080,Almere Centrum,ALM,52.37503,5.21764,knooppuntIntercitystation,1,1.0
19,8400082,Almere Muziekwijk,ALMM,52.367500305176,5.1902775764465,stoptreinstation,0,1.0
20,8400226,Almere Oostvaarders,ALMO,52.403331756592,5.3005557060242,stoptreinstation,0,1.0
21,8400104,Almere Parkwijk,ALMP,52.376667022705,5.244722366333,stoptreinstation,0,1.0
22,8400450,Almere Poort,AMPO,52.342778,5.151944,stoptreinstation,0,1.0
23,8400053,Alphen a/d Rijn,APN,52.124443054199,4.6577777862549,knooppuntIntercitystation,1,1.0
25,8400055,Amersfoort Centraal,AMF,52.153888702393,5.3705554008484,knooppuntIntercitystation,1,1.0
26,8400054,Amersfoort Schothorst,AMFS,52.174822137451,5.4038887023926,stoptreinstation,0,1.0
27,8400228,Amersfoort Vathorst,AVAT,52.192779541016,5.4338889122009,stoptreinstation,0,1.0
28,8400057,Amsterdam Amstel,ASA,52.346668243408,4.9177780151367,intercitystation,1,1.0
29,8400074,Amsterdam Bijlmer ArenA,ASB,52.3122215271,4.9469442367554,knooppuntStoptreinstation,0,1.0
30,8400058,Amsterdam Centraal,ASD,52.378887176514,4.9002776145935,megastation,1,1.0
31,8400231,Amsterdam Holendrecht,ASHD,52.29844,4.95972,stoptreinstation,0,1.0
32,8400079,Amsterdam Lelylaan,ASDL,52.357776641846,4.8338890075684,stoptreinstation,0,1.0
33,8400060,Amsterdam Muiderpoort,ASDM,52.360553741455,4.9311113357544,stoptreinstation,0,1.0
34,8400056,Amsterdam RAI,RAI,52.337223052979,4.8902778625488,stoptreinstation,0,1.0
35,8400235,Amsterdam Science Park,ASSP,52.35526,4.94651,stoptreinstation,0,1.0
36,8400059,Amsterdam Sloterdijk,ASS,52.388889312744,4.8377776145935,knooppuntIntercitystation,1,1.0
37,8400061,Amsterdam Zuid,ASDZ,52.338889,4.872356,intercitystation,1,1.0
39,8400065,Anna Paulowna,ANA,52.867221832275,4.8111109733581,stoptreinstation,0,0.0
45,8400066,Apeldoorn,APD,52.209167480469,5.9702777862549,knooppuntIntercitystation,1,0.0
46,8400233,Apeldoorn De Maten,APDM,52.205276489258,6.0005555152893,stoptreinstation,0,0.0
47,8400229,Apeldoorn Osseveld,APDO,52.215278625488,6.0044445991516,stoptreinstation,0,0.0
48,8400067,Appingedam,APG,53.3258135,6.8619577,stoptreinstation,0,0.0
49,8400068,Arkel,AKL,51.87194442749,4.9927778244019,stoptreinstation,0,1.0
50,8400069,Arnemuiden,ARN,51.501667022705,3.6691665649414,stoptreinstation,0,0.0
51,8400071,Arnhem Centraal,AH,51.985000610352,5.8991665840149,knooppuntIntercitystation,1,0.0
52,8400075,Arnhem Presikhaaf,AHPR,51.988056182861,5.9438886642456,stoptreinstation,0,0.0
53,8400072,Arnhem Velperpoort,AHP,51.985279083252,5.9194445610046,stoptreinstation,0,0.0
54,8400227,Arnhem Zuid,AHZ,51.955001831055,5.8519444465637,stoptreinstation,0,0.0
55,8400073,Assen,ASN,52.991664886475,6.5708332061768,knooppuntIntercitystation,1,0.0
58,8400086,Baarn,BRN,52.208332061768,5.2808332443237,knooppuntStoptreinstation,0,1.0
60,8400457,Bad Nieuweschans,NSCH,53.1844,7.19937,knooppuntStoptreinstation,0,0.0
63,8400089,Baflo,BF,53.3608969,6.5185581,stoptreinstation,0,0.0
64,8400090,Barendrecht,BRD,51.854721069336,4.5533332824707,stoptreinstation,0,1.0
65,8400091,Barneveld Centrum,BNC,52.139999389648,5.590277671814,stoptreinstation,0,0.0
66,8400092,Barneveld Noord,BNN,52.161388397217,5.5980553627014,stoptreinstation,0,0.0
67,8400115,Barneveld Zuid,BNZ,52.128853,5.60246,stoptreinstation,0,0.0
70,8400094,Bedum,BDM,53.3068857,6.593054,stoptreinstation,0,0.0
71,8400096,Beek-Elsloo,BK,50.947498321533,5.7866668701172,stoptreinstation,0,0.0
72,8400097,Beesd,BSD,51.899444580078,5.1944446563721,stoptreinstation,0,0.0
73,8400100,Beilen,BL,52.854721069336,6.5211110115051,stoptreinstation,0,0.0
75,8400108,Bergen op Zoom,BGN,51.49388885498,4.2961111068726,stoptreinstation,0,0.0
80,8400112,Best,BET,51.509998321533,5.3891668319702,stoptreinstation,0,0.0
82,8400113,Beverwijk,BV,52.478332519531,4.6566667556763,stoptreinstation,0,0.0
84,8400114,Bilthoven,BHV,52.130001068115,5.2038888931274,stoptreinstation,0,1.0
86,8400117,Blerick,BR,51.372501373291,6.1550002098083,stoptreinstation,0,0.0
87,8400118,Bloemendaal,BLL,52.404167175293,4.6275000572205,stoptreinstation,0,1.0
88,8400121,Bodegraven,BDG,52.081390380859,4.7461109161377,stoptreinstation,0,1.0
96,8400124,Borne,BN,52.298889160156,6.7480554580689,stoptreinstation,0,0.0
97,8400125,Boskoop,BSK,52.077777862549,4.6469445228577,stoptreinstation,0,1.0
98,8400126,Boskoop Snijdelwijk,BSKS,52.067658,4.646186,stoptreinstation,0,1.0
100,8400236,Boven-Hardinxveld,BHDV,51.832222,4.878056,stoptreinstation,0,1.0
101,8400230,Bovenkarspel Flora,BKF,52.696109771729,5.2527775764465,stoptreinstation,0,0.0
102,8400127,Bovenkarspel-Grootebroek,BKG,52.694999694824,5.2377777099609,stoptreinstation,0,0.0
103,8400128,Boxmeer,BMR,51.644521767653,5.9390330314636,knooppuntStoptreinstation,0,0.0
104,8400129,Boxtel,BTL,51.58433,5.31912,knooppuntStoptreinstation,0,0.0
105,8400131,Breda,BD,51.595554351807,4.7800002098083,knooppuntIntercitystation,1,0.0
106,8400132,Breda-Prinsenbeek,BDPB,51.606388092041,4.7208333015442,stoptreinstation,0,0.0
108,8400133,Breukelen,BKL,52.17149,4.9906,knooppuntStoptreinstation,0,1.0
110,8400136,Brummen,BMN,52.091110229492,6.1469445228577,stoptreinstation,0,0.0
115,8400139,Buitenpost,BP,53.2564547,6.1446496,knooppuntSneltreinstation,1,0.0
116,8400140,Bunde,BDE,50.896945953369,5.7366666793823,stoptreinstation,0,0.0
118,8400141,Bunnik,BNK,52.063056945801,5.1944446563721,stoptreinstation,0,1.0
119,8400145,Bussum Zuid,BSMZ,52.26583480835,5.1630554199219,stoptreinstation,0,1.0
120,8400147,Capelle Schollevaar,CPS,51.954166412354,4.5841665267944,stoptreinstation,0,1.0
121,8400151,Castricum,CAS,52.545833587646,4.6586112976074,intercitystation,1,0.0
123,8400152,Chevremont,CVM,50.876110076904,6.0597224235535,stoptreinstation,0,0.0
125,8400153,Coevorden,CO,52.663612365723,6.7355556488037,knooppuntSneltreinstation,1,0.0
127,8400155,Cuijk,CK,51.726682587905,5.8742952346802,stoptreinstation,0,0.0
128,8400154,Culemborg,CL,51.946666717529,5.2269444465637,stoptreinstation,0,0.0
129,8400164,Daarlerveen,DA,52.4407702,6.5759947,stoptreinstation,0,0.0
130,8400161,Dalen,DLN,52.69416809082,6.7580556869507,stoptreinstation,0,0.0
131,8400167,Dalfsen,DL,52.498332977295,6.25861120224,sneltreinstation,1,0.0
132,8400188,De Vink,DVNK,52.147220611572,4.4563889503479,stoptreinstation,0,1.0
133,8400745,De Westereen,DWE,53.24817,6.03463,stoptreinstation,0,0.0
134,8400168,Deinum,DEI,53.1888115,5.7281572,stoptreinstation,0,0.0
135,8400169,Delden,DDN,52.259998321533,6.7161111831665,stoptreinstation,0,0.0
136,8400170,Delft,DT,52.00666809082,4.3563890457153,knooppuntIntercitystation,1,1.0
137,8400166,Delft Campus,DTCP,51.990833282471,4.3647222518921,stoptreinstation,0,1.0
138,8400171,Delfzijl,DZ,53.3336625,6.9240797,stoptreinstation,0,0.0
139,8400175,Delfzijl West,DZW,53.3320834,6.9069092,stoptreinstation,0,0.0
140,8400179,Den Dolder,DLD,52.140277862549,5.2427778244019,knooppuntStoptreinstation,0,1.0
141,8400282,Den Haag Centraal,GVC,52.080276489258,4.3249998092651,megastation,1,1.0
142,8400280,Den Haag HS,GV,52.069721221924,4.3225002288818,knooppuntIntercitystation,1,1.0
143,8400380,Den Haag Laan v NOI,LAA,52.078609466553,4.3427777290344,knooppuntStoptreinstation,0,1.0
144,8400278,Den Haag Mariahoeve,GVM,52.090557098389,4.3694443702698,stoptreinstation,0,1.0
145,8400279,Den Haag Moerwijk,GVMW,52.053890228271,4.3086109161377,stoptreinstation,0,1.0
146,8400379,Den Haag Ypenburg,YPB,52.055278778076,4.39222240448,stoptreinstation,0,1.0
147,8400311,Den Helder,HDR,52.955276489258,4.7611112594605,intercitystation,1,0.0
148,8400303,Den Helder Zuid,HDRZ,52.932498931885,4.7641668319702,stoptreinstation,0,0.0
149,8400172,Deurne,DN,51.455833435059,5.7888889312744,stoptreinstation,0,0.0
150,8400173,Deventer,DV,52.257499694824,6.1605553627014,knooppuntIntercitystation,1,0.0
151,8400185,Deventer Colmschate,DVC,52.2502784729,6.2144446372986,stoptreinstation,0,0.0
152,8400174,Didam,DID,51.933502,6.1324106,stoptreinstation,0,0.0
153,8400165,Diemen,DMN,52.34515,4.967566,stoptreinstation,0,1.0
154,8400163,Diemen Zuid,DMNZ,52.330276489258,4.9558334350586,stoptreinstation,0,1.0
156,8400176,Dieren,DR,52.044998168945,6.1030554771423,intercitystation,1,0.0
157,8400177,Doetinchem,DTC,51.9585962,6.2962148,knooppuntStoptreinstation,0,0.0
158,8400184,Doetinchem De Huet,DTCH,51.9591413,6.2598521,stoptreinstation,0,0.0
159,8400180,Dordrecht,DDR,51.807220458984,4.668333530426,knooppuntIntercitystation,1,1.0
160,8400186,Dordrecht Stadspolders,DDRS,51.801944732666,4.7166666984558,stoptreinstation,0,1.0
161,8400181,Dordrecht Zuid,DDZD,51.790000915527,4.6713891029358,stoptreinstation,0,1.0
165,8400182,Driebergen-Zeist,DB,52.065277099609,5.25861120224,knooppuntStoptreinstation,0,1.0
166,8400183,Driehuis,DRH,52.442501068115,4.6380553245544,stoptreinstation,0,1.0
167,8400192,Dronryp,DRP,53.1778086,5.6347411,stoptreinstation,0,0.0
168,8400198,Dronten,DRON,52.5344,5.72089,stoptreinstation,0,0.0
170,8400193,Duiven,DVN,51.943332672119,6.0147223472595,stoptreinstation,0,0.0
171,8400194,Duivendrecht,DVD,52.323333740234,4.9363889694214,knooppuntStoptreinstation,0,1.0
176,8400195,Echt,EC,51.100555419922,5.8788890838623,stoptreinstation,0,0.0
177,8400201,Ede Centrum,EDC,52.043609619141,5.668333530426,stoptreinstation,0,0.0
178,8400200,Ede-Wageningen,ED,52.027778625488,5.6730556488037,knooppuntIntercitystation,1,0.0
179,8400202,Eemshaven,EEM,53.458419,6.832,stoptreinstation,0,0.0
180,8400219,Eijsden,EDN,50.771945953369,5.710000038147,stoptreinstation,0,0.0
181,8400206,Eindhoven Centraal,EHV,51.443332672119,5.4813890457153,megastation,1,0.0
182,8400196,Eindhoven Strijp-S,EHS,51.451110839844,5.4558334350586,stoptreinstation,0,0.0
184,8400207,Elst,EST,51.916942596435,5.8550000190735,knooppuntStoptreinstation,0,0.0
185,8400208,Emmen,EMN,52.790000915527,6.8994445800781,sneltreinstation,1,0.0
186,8400407,Emmen Zuid,EMNZ,52.748866374691,6.8747806549072,sneltreinstation,1,0.0
189,8400210,Enkhuizen,EKZ,52.699165344238,5.286388874054,stoptreinstation,0,0.0
191,8400212,Enschede,ES,52.222499847412,6.8899998664856,knooppuntIntercitystation,1,0.0
192,8400217,Enschede De Eschmarke,ESE,52.221389770508,6.9511113166809,stoptreinstation,0,0.0
193,8400221,Enschede Kennispark,ESK,52.23749923706,6.8388891220093,stoptreinstation,0,0.0
195,8400216,Ermelo,EML,52.301666259766,5.6147222518921,stoptreinstation,0,0.0
197,8400218,Etten-Leur,ETN,51.57500076294,4.6358332633972,intercitystation,1,0.0
198,8400338,Eygelshoven,EGH,50.890556335449,6.0450000762939,stoptreinstation,0,0.0
199,8400234,Eygelshoven Markt,EGHM,50.896049819644,6.0602474212646,stoptreinstation,0,0.0
200,8400638,Feanwâlden,FWD,53.2351834,5.9886615,stoptreinstation,0,0.0
202,8400232,Franeker,FN,53.1824488,5.5483094,stoptreinstation,0,0.0
207,8400241,Gaanderen,GDR,51.93074,6.3486,stoptreinstation,0,0.0
208,8400244,Geldermalsen,GDM,51.88301,5.27127,knooppuntStoptreinstation,0,0.0
209,8400245,Geldrop,GP,51.419723510742,5.5505557060242,knooppuntStoptreinstation,0,0.0
210,8400246,Geleen Oost,GLN,50.966945648193,5.8430557250977,stoptreinstation,0,0.0
211,8400248,Geleen-Lutterade,LUT,50.975555419922,5.8247222900391,stoptreinstation,0,0.0
213,8400251,Gilze-Rijen,GZ,51.583610534668,4.9261112213135,stoptreinstation,0,0.0
214,8400262,Glanerbrug,GBR,52.218612670898,6.9744443893433,stoptreinstation,0,0.0
216,8400253,Goes,GS,51.498054504395,3.8905556201935,stoptreinstation,0,0.0
217,8400254,Goor,GO,52.230278015137,6.5844445228577,stoptreinstation,0,0.0
219,8400256,Gorinchem,GR,51.833889007568,4.9683332443237,knooppuntStoptreinstation,0,1.0
221,8400258,Gouda,GD,52.017501831055,4.7044444084167,knooppuntIntercitystation,1,1.0
222,8400257,Gouda Goverwelle,GDG,52.014999389648,4.7408332824707,stoptreinstation,0,1.0
223,8400259,Gramsbergen,GBG,52.60916519165,6.6758332252502,stoptreinstation,0,0.0
224,8400267,Grijpskerk,GK,53.255740325573,6.3097786903381,stoptreinstation,0,0.0
226,8400263,Groningen,GN,53.210556030273,6.5647220611572,knooppuntIntercitystation,1,0.0
227,8400238,Groningen Europapark,GERP,53.20480027,6.5854178,stoptreinstation,0,0.0
228,8400264,Groningen Noord,GNN,53.2301469,6.5563172,stoptreinstation,0,0.0
229,8400266,Grou-Jirnsum,GW,53.088890075684,5.8225002288818,stoptreinstation,0,0.0
231,8400285,Haarlem,HLM,52.38777923584,4.6383333206177,knooppuntIntercitystation,1,1.0
232,8400270,Haarlem Spaarnwoude,HLMS,52.382778167725,4.6730556488037,stoptreinstation,0,1.0
234,8400400,Halfweg-Zwanenburg,HWZB,52.385935,4.747165,stoptreinstation,0,1.0
237,8400293,Hardenberg,HDB,52.572776794434,6.6286110877991,sneltreinstation,1,0.0
238,8400294,Harderwijk,HD,52.337501525879,5.619722366333,knooppuntStoptreinstation,0,1.0
239,8400438,Hardinxveld Blauwe Zoom,HBZM,51.82944,4.81556,stoptreinstation,0,1.0
240,8400295,Hardinxveld-Giessendam,GND,51.830554962158,4.8358335494995,stoptreinstation,0,1.0
241,8400297,Haren,HRN,53.176109313965,6.6172223091125,stoptreinstation,0,0.0
242,8400296,Harlingen,HLG,53.1704205,5.4251932,stoptreinstation,0,0.0
243,8400298,Harlingen Haven,HLGH,53.174917,5.4112885,stoptreinstation,0,0.0
245,8400317,Heemskerk,HK,52.495277404785,4.6869444847107,stoptreinstation,0,0.0
246,8400302,Heemstede-Aerdenhout,HAD,52.35916519165,4.6066665649414,intercitystation,1,1.0
247,8400305,Heerenveen,HR,52.961387634277,5.9141664505005,intercitystation,1,0.0
248,8400301,Heerenveen IJsstadion,HRY,52.935276031494,5.9438886642456,facultatiefStation,2,0.0
249,8400306,Heerhugowaard,HWD,52.669723510742,4.8227777481079,knooppuntStoptreinstation,0,0.0
250,8400307,Heerlen,HRL,50.89083480835,5.9749999046326,knooppuntIntercitystation,1,0.0
251,8400404,Heerlen Woonboulevard,HRLW,50.896667,5.952222,stoptreinstation,0,0.0
252,8400308,Heeze,HZE,51.384998321533,5.5694446563721,stoptreinstation,0,0.0
254,8400309,Heiloo,HLO,52.599445343018,4.7005553245544,stoptreinstation,0,0.0
255,8400310,Heino,HNO,52.427223205566,6.2211112976074,stoptreinstation,0,0.0
256,8400313,Helmond,HM,51.475555419922,5.6619443893433,knooppuntIntercitystation,1,0.0
257,8400300,Helmond 't Hout,HMH,51.46794,5.63085,stoptreinstation,0,0.0
258,8400242,Helmond Brandevoort,HMBV,51.462223052979,5.6072220802307,stoptreinstation,0,0.0
259,8400299,Helmond Brouwhuis,HMBH,51.47068,5.70177,stoptreinstation,0,0.0
261,8400315,Hemmen-Dodewaard,HMN,51.9222129,5.6737254,stoptreinstation,0,0.0
262,8400316,Hengelo,HGL,52.261665344238,6.7938890457153,knooppuntIntercitystation,1,0.0
263,8400433,Hengelo Gezondheidspark,HGLG,52.261667,6.767778,stoptreinstation,0,0.0
264,8400312,Hengelo Oost,HGLO,52.268890380859,6.8194446563721,stoptreinstation,0,0.0
267,8400329,Hillegom,HIL,52.302501678467,4.5655555725098,stoptreinstation,0,1.0
268,8400322,Hilversum,HVS,52.225833892822,5.1819443702698,knooppuntIntercitystation,1,1.0
269,8400324,Hilversum Media Park,HVSM,52.238056182861,5.1738886833191,stoptreinstation,0,1.0
270,8400570,Hilversum Sportpark,HVSP,52.216110229492,5.1872220039368,stoptreinstation,0,1.0
271,8400323,Hindeloopen,HNP,52.9464903,5.423063,stoptreinstation,0,0.0
273,8400326,Hoensbroek,HB,50.905555725098,5.9305553436279,stoptreinstation,0,0.0
274,8400490,Hoevelaken,HVL,52.16652,5.45718,stoptreinstation,0,0.0
275,8400327,Hollandsche Rading,HOR,52.17777633667,5.1791667938232,stoptreinstation,0,1.0
276,8400328,Holten,HON,52.283889770508,6.42027759552,stoptreinstation,0,0.0
278,8400332,Hoofddorp,HFD,52.293334960938,4.7005553245544,stoptreinstation,0,1.0
279,8400330,Hoogeveen,HGV,52.733890533447,6.4736108779907,stoptreinstation,0,0.0
280,8400331,Hoogezand-Sappemeer,HGZ,53.159818131676,6.7707538604736,knooppuntStoptreinstation,0,0.0
281,8400334,Hoogkarspel,HKS,52.69055557251,5.1838889122009,stoptreinstation,0,0.0
282,8400337,Hoorn,HN,52.644721984863,5.0555553436279,knooppuntIntercitystation,1,0.0
283,8400336,Hoorn Kersenboogerd,HNK,52.653610229492,5.0855555534363,stoptreinstation,0,0.0
285,8400339,Horst-Sevenum,HRT,51.426387786865,6.0422220230103,stoptreinstation,0,0.0
286,8400340,Houten,HTN,52.03402,5.16821,knooppuntStoptreinstation,0,1.0
287,8400335,Houten Castellum,HTNC,52.01701,5.17949,stoptreinstation,0,1.0
288,8400341,Houthem-St. Gerlach,SGL,50.873332977295,5.7972221374512,stoptreinstation,0,0.0
289,8400292,Hurdegaryp,HDG,53.2187783,5.934543,stoptreinstation,0,0.0
290,8400722,IJlst,IJT,53.0146614,5.6160801,stoptreinstation,0,0.0
295,8400353,Kampen,KPN,52.559722900391,5.9216666221619,stoptreinstation,0,0.0
296,8400360,Kampen Zuid,KPNZ,52.5331,5.91309,stoptreinstation,0,0.0
297,8400354,Kapelle-Biezelinge,BZL,51.480834960938,3.9561111927033,stoptreinstation,0,0.0
300,8400355,Kerkrade Centrum,KRD,50.861667633057,6.0574998855591,knooppuntStoptreinstation,0,0.0
301,8400359,Kesteren,KTR,51.9313869,5.5833465,stoptreinstation,0,0.0
303,8400361,Klarenbeek,KBK,52.17805480957,6.0836110115051,stoptreinstation,0,0.0
304,8400362,Klimmen-Ransdaal,KMR,50.866390228271,5.8905553817749,stoptreinstation,0,0.0
311,8400363,Koog aan de Zaan,KZ,52.458610534668,4.8055553436279,stoptreinstation,0,1.0
312,8400366,Koudum-Molkwerum,KMW,52.9028197,5.4106913,stoptreinstation,0,0.0
314,8400367,Krabbendijke,KBD,51.433334350586,4.1169443130493,stoptreinstation,0,0.0
315,8400368,Krommenie-Assendelft,KMA,52.49511,4.75417,stoptreinstation,0,0.0
316,8400369,Kropswolde,KW,53.1617362,6.7220882,stoptreinstation,0,0.0
317,8400370,Kruiningen-Yerseke,KRG,51.465000152588,4.0372223854065,stoptreinstation,0,0.0
319,8400382,Lage Zwaluwe,ZLW,51.69111251831,4.6630554199219,knooppuntStoptreinstation,0,0.0
320,8400548,Landgraaf,LG,50.896389007568,6.019166469574,knooppuntStoptreinstation,0,0.0
322,8400135,Lansingerland-Zoetermeer,LLZM,52.042222,4.517222,stoptreinstation,0,1.0
324,8400386,Leerdam,LDM,51.894721984863,5.0913887023926,stoptreinstation,0,0.0
325,8400387,Leeuwarden,LW,53.195835113525,5.7922220230103,knooppuntIntercitystation,1,0.0
326,8400389,Leeuwarden Camminghaburen,LWC,53.2021808,5.8422968,stoptreinstation,0,0.0
328,8400390,Leiden Centraal,LEDN,52.166110992432,4.4816665649414,knooppuntIntercitystation,1,1.0
329,8400384,Leiden Lammenschans,LDL,52.146945953369,4.4924998283386,stoptreinstation,0,1.0
330,8400394,Lelystad Centrum,LLS,52.507778167725,5.4727778434753,knooppuntIntercitystation,1,0.0
333,8400395,Lichtenvoorde-Groenlo,LTV,52.01188,6.59641,stoptreinstation,0,0.0
341,8400399,Lochem,LC,52.166667938232,6.4263887405395,stoptreinstation,0,0.0
344,8400403,Loppersum,LP,53.3347145,6.7472625,stoptreinstation,0,0.0
347,8400405,Lunteren,LTN,52.085277557373,5.6244444847107,stoptreinstation,0,0.0
348,8400432,Maarheeze,MZ,51.304986,5.629796,stoptreinstation,0,0.0
349,8400417,Maarn,MRN,52.064167022705,5.3699998855591,knooppuntStoptreinstation,0,0.0
350,8400419,Maarssen,MAS,52.135276794434,5.0336112976074,stoptreinstation,0,1.0
351,8400424,Maastricht,MT,50.850276947021,5.7055554389954,knooppuntIntercitystation,1,0.0
352,8400449,Maastricht Noord,MTN,50.87087,5.71774,stoptreinstation,0,0.0
353,8400426,Maastricht Randwyck,MTR,50.838611602783,5.7172222137451,knooppuntStoptreinstation,0,0.0
357,8400427,Mantgum,MG,53.1296368,5.7131996,stoptreinstation,0,0.0
358,8400428,Mariënberg,MRB,52.50944519043,6.5752778053284,knooppuntSneltreinstation,1,0.0
361,8400430,Martenshoek,MTH,53.1607232,6.7402989,stoptreinstation,0,0.0
363,8400434,Meerssen,MES,50.882879392551,5.7509994506836,sneltreinstation,1,0.0
365,8400435,Meppel,MP,52.69083404541,6.1975002288818,knooppuntStoptreinstation,0,0.0
367,8400436,Middelburg,MDB,51.494720458984,3.6172223091126,stoptreinstation,0,0.0
372,8400446,Mook-Molenhoek,MMLH,51.766262,5.879133,stoptreinstation,0,0.0
379,8400452,Naarden-Bussum,NDB,52.280277252197,5.1569442749023,knooppuntStoptreinstation,0,1.0
382,8400454,Nieuw Amsterdam,,52.718612670898,6.8486108779907,sneltreinstation,1,0.0
383,8400460,Nieuw Vennep,NVP,52.258888244629,4.6455554962158,stoptreinstation,0,1.0
384,8400455,Nieuwerkerk a/d IJssel,NWK,51.965278625488,4.6169443130493,stoptreinstation,0,1.0
386,8400469,Nijkerk,NKK,52.222221374512,5.4938888549805,stoptreinstation,0,0.0
387,8400470,Nijmegen,NM,51.843612670898,5.8522224426269,knooppuntIntercitystation,1,0.0
388,8400475,Nijmegen Dukenburg,NMD,51.824165344238,5.7955555915833,stoptreinstation,0,0.0
389,8400477,Nijmegen Goffert,NMGO,51.8273,5.822722,stoptreinstation,0,0.0
390,8400468,Nijmegen Heyendaal,NMH,51.826946258545,5.8674998283386,stoptreinstation,0,0.0
391,8400451,Nijmegen Lent,NML,51.863154,5.859625,stoptreinstation,0,0.0
392,8400472,Nijverdal,NVD,52.366111,6.462,stoptreinstation,0,0.0
395,8400466,Nunspeet,NS,52.370834350586,5.7852778434753,stoptreinstation,0,0.0
397,8400467,Nuth,NH,50.919445037842,5.8927779197693,stoptreinstation,0,0.0
398,8400480,Obdam,OBD,52.67805480957,4.9072222709656,stoptreinstation,0,0.0
403,8400482,Oisterwijk,OT,51.582221984863,5.1941666603088,stoptreinstation,0,0.0
404,8400483,Oldenzaal,ODZ,52.30638885498,6.9347224235535,stoptreinstation,0,0.0
405,8400486,Olst,OST,52.334720611572,6.1130557060242,intercitystation,1,0.0
406,8400487,Ommen,OMN,52.50944519043,6.4158334732056,knooppuntSneltreinstation,1,0.0
407,8400489,Oosterbeek,OTB,51.994998931885,5.8400001525879,stoptreinstation,0,0.0
408,8400494,Opheusden,OP,51.9261615,5.6371145,stoptreinstation,0,0.0
410,8400495,Oss,O,51.765556335449,5.5322222709656,knooppuntIntercitystation,1,0.0
411,8400496,Oss West,OW,51.758056640625,5.5055556297302,stoptreinstation,0,0.0
412,8400498,Oudenbosch,ODB,51.587776184082,4.5333333015442,stoptreinstation,0,0.0
413,8400501,Overveen,OVN,52.391109466553,4.6061110496521,stoptreinstation,0,1.0
419,8400508,Purmerend,PMR,52.50305557251,4.9536108970642,knooppuntStoptreinstation,0,0.0
420,8400506,Purmerend Overwhere,PMO,52.511390686035,4.9683332443237,stoptreinstation,0,0.0
421,8400499,Purmerend Weidevenne,PMW,52.496590632542,4.9356293678284,stoptreinstation,0,0.0
422,8400509,Putten,PT,52.264999389648,5.5752778053284,stoptreinstation,0,0.0
424,8400513,Raalte,RAT,52.391666412354,6.2775001525879,stoptreinstation,0,0.0
425,8400515,Ravenstein,RVS,51.794166564941,5.6358332633972,stoptreinstation,0,0.0
427,8400518,Reuver,RV,51.28321916653,6.0789585113525,stoptreinstation,0,0.0
428,8400519,Rheden,RH,52.0101,6.0314,stoptreinstation,0,0.0
430,8400517,Rhenen,RHN,51.958610534668,5.5783333778381,knooppuntStoptreinstation,0,0.0
431,8400538,Rijssen,RSN,52.3122215271,6.5202779769897,stoptreinstation,0,0.0
432,8400505,Rijswijk,RSW,52.039722442627,4.3191666603088,stoptreinstation,0,1.0
433,8400521,Rilland-Bath,RB,51.422779083252,4.1611108779907,stoptreinstation,0,0.0
434,8400523,Roermond,RM,51.193054199219,5.9941668510437,knooppuntIntercitystation,1,0.0
435,8400525,Roodeschool,RD,53.421262,6.7587,stoptreinstation,0,0.0
436,8400526,Roosendaal,RSD,51.540279388428,4.4583334922791,knooppuntIntercitystation,1,0.0
439,8400524,Rosmalen,RS,51.714721679688,5.3680553436279,stoptreinstation,0,0.0
440,8400507,Rotterdam Alexander,RTA,51.951946258545,4.5536112785339,intercitystation,1,1.0
441,8400529,Rotterdam Blaak,RTB,51.920276641846,4.4888887405395,stoptreinstation,0,1.0
442,8400530,Rotterdam Centraal,RTD,51.92499923706,4.468888759613,megastation,1,1.0
443,8400542,Rotterdam Lombardijen,RLB,51.880001068115,4.531388759613,stoptreinstation,0,1.0
444,8400531,Rotterdam Noord,RTN,51.942222595215,4.4816665649414,stoptreinstation,0,1.0
445,8400534,Rotterdam Stadion,RTST,51.893890380859,4.5197219848633,facultatiefStation,2,1.0
446,8400533,Rotterdam Zuid,RTZ,51.904445648193,4.5102777481079,stoptreinstation,0,1.0
448,8400537,Ruurlo,RL,52.0810888,6.4492656,stoptreinstation,0,0.0
450,8400543,Santpoort Noord,SPTN,52.43388748169,4.6325001716614,stoptreinstation,0,1.0
451,8400544,Santpoort Zuid,SPTZ,52.419723510742,4.6313886642456,stoptreinstation,0,1.0
452,8400603,Sassenheim,SSH,52.215278,4.517222,stoptreinstation,0,1.0
453,8400547,Sauwerd,SWD,53.29113,6.5404,stoptreinstation,0,0.0
454,8400549,Schagen,SGN,52.784442901611,4.8052778244019,stoptreinstation,0,0.0
455,8400551,Scheemda,SDA,53.1655362,6.9777775,stoptreinstation,0,0.0
457,8400553,Schiedam Centrum,SDM,51.921243812803,4.4089937210083,stoptreinstation,0,1.0
458,8400555,Schin op Geul,SOG,50.856388092041,5.8722224235535,stoptreinstation,0,0.0
459,8400554,Schinnen,SN,50.939167022705,5.8744444847107,stoptreinstation,0,0.0
460,8400561,Schiphol Airport,SHL,52.30944442749,4.7619442939758,megastation,1,1.0
469,8400564,Sittard,STD,51.001667022705,5.8586111068726,knooppuntIntercitystation,1,0.0
470,8400565,Sliedrecht,SDT,51.829723358154,4.7783331871033,stoptreinstation,0,1.0
471,8400497,Sliedrecht Baanhoek,SDTB,51.829722,4.743333,stoptreinstation,0,1.0
472,8400566,Sneek,SK,53.0328688,5.6523969,knooppuntStoptreinstation,0,0.0
473,8400574,Sneek Noord,SKND,53.0409319,5.6631808,stoptreinstation,0,0.0
474,8400567,Soest,ST,52.173332214355,5.3099999427795,knooppuntStoptreinstation,0,1.0
475,8400571,Soest Zuid,STZ,52.165279388428,5.3030557632446,stoptreinstation,0,1.0
476,8400569,Soestdijk,SD,52.183612823486,5.3000001907349,stoptreinstation,0,1.0
477,8400572,Spaubeek,SBK,50.94327,5.850529,stoptreinstation,0,0.0
479,8400575,Stavoren,STV,52.8865535,5.3600212,stoptreinstation,0,0.0
480,8400576,Stedum,STM,53.3262092,6.6875551,stoptreinstation,0,0.0
481,8400578,Steenwijk,SWK,52.791510992432,6.1145557632446,intercitystation,1,0.0
487,8400582,Susteren,SRN,51.061389923096,5.8630557060242,stoptreinstation,0,0.0
488,8400583,Swalmen,SM,51.23582,6.03228,stoptreinstation,0,0.0
489,8400591,Tegelen,TG,51.33894,6.14253,stoptreinstation,0,0.0
490,8400592,Terborg,TBG,51.9224549,6.3642466,stoptreinstation,0,0.0
491,8400596,Tiel,TL,51.889446258545,5.4222221374512,knooppuntStoptreinstation,0,0.0
492,8400600,Tiel Passewaaij,TPSW,51.873889923096,5.39222240448,stoptreinstation,0,0.0
493,8400597,Tilburg,TB,51.560554504395,5.0836110115051,knooppuntIntercitystation,1,0.0
494,8400598,Tilburg Reeshof,TBR,51.573612213135,4.9944443702698,stoptreinstation,0,0.0
495,8400594,Tilburg Universiteit,TBU,51.564985,5.051778,stoptreinstation,0,0.0
498,8400599,Twello,TWL,52.237777709961,6.0986108779907,stoptreinstation,0,0.0
499,8400615,Uitgeest,UTG,52.521667480469,4.7016668319702,knooppuntStoptreinstation,0,0.0
500,8400617,Uithuizen,UHZ,53.4099568,6.6748869,stoptreinstation,0,0.0
501,8400618,Uithuizermeeden,UHM,53.4145845,6.7202975,stoptreinstation,0,0.0
504,8400619,Usquert,UST,53.4014742,6.6093776,stoptreinstation,0,0.0
505,8400621,Utrecht Centraal,UT,52.088890075684,5.1102776527405,megastation,1,1.0
506,8400607,Utrecht Leidsche Rijn,UTLR,52.09896,5.06523,stoptreinstation,0,1.0
507,8400623,Utrecht Lunetten,UTLN,52.06555557251,5.144166469574,stoptreinstation,0,1.0
508,8400624,Utrecht Maliebaan,UTM,52.087776184082,5.1313886642456,stoptreinstation,0,1.0
509,8400620,Utrecht Overvecht,UTO,52.110000610352,5.1247220039368,knooppuntStoptreinstation,0,1.0
510,8400614,Utrecht Terwijde,UTT,52.1000753,5.0439547,stoptreinstation,0,1.0
511,8400606,Utrecht Vaartsche Rijn,UTVR,52.078889,5.121667,knooppuntStoptreinstation,0,1.0
512,8400613,Utrecht Zuilen,UTZL,52.103055,5.09,stoptreinstation,0,1.0
514,8400632,Valkenburg,VK,50.869720458984,5.8322219848633,knooppuntSneltreinstation,1,0.0
515,8400635,Varsseveld,VSV,51.937257,6.458839,stoptreinstation,0,0.0
516,8400636,Veendam,VDM,53.10324,6.88475,knooppuntStoptreinstation,0,0.0
517,8400627,Veenendaal Centrum,VNDC,52.020000457764,5.548611164093,knooppuntStoptreinstation,0,0.0
518,8400628,Veenendaal West,VNDW,52.028057098389,5.531388759613,stoptreinstation,0,0.0
519,8400637,Veenendaal-De Klomp,KLP,52.045833587646,5.5738887786865,stoptreinstation,0,0.0
520,8400640,Velp,VP,51.994720458984,5.9802780151367,stoptreinstation,0,0.0
522,8400644,Venlo,VL,51.363609313965,6.1727776527405,knooppuntIntercitystation,1,0.0
523,8400646,Venray,VRY,51.526568099007,6.0141777992248,knooppuntStoptreinstation,0,0.0
524,8400647,Vierlingsbeek,VLB,51.59193,5.99714,stoptreinstation,0,0.0
527,8400651,Vleuten,VTN,52.103056,5.007404,stoptreinstation,0,1.0
528,8400652,Vlissingen,VS,51.445835113525,3.5952777862549,knooppuntIntercitystation,1,0.0
529,8400653,Vlissingen Souburg,VSS,51.464721679688,3.5952777862549,stoptreinstation,0,0.0
530,8400656,Voerendaal,VDL,50.887222290039,5.9302778244019,stoptreinstation,0,0.0
531,8400658,Voorburg,VB,52.066665649414,4.3594446182251,stoptreinstation,0,1.0
532,8400655,Voorhout,VH,52.224445343018,4.4844446182251,stoptreinstation,0,1.0
533,8400659,Voorschoten,VST,52.1252784729,4.4324998855591,stoptreinstation,0,1.0
534,8400668,Voorst-Empe,VEM,52.157501220703,6.1436109542847,stoptreinstation,0,0.0
535,8400661,Vorden,VD,52.1071949,6.3170457,stoptreinstation,0,0.0
536,8400664,Vriezenveen,VZ,52.40203,6.60041,stoptreinstation,0,0.0
537,8400666,Vroomshoop,VHP,52.4571921,6.5696679,stoptreinstation,0,0.0
538,8400667,Vught,VG,51.655555725098,5.2919445037842,stoptreinstation,0,0.0
539,8400675,Waddinxveen,WAD,52.044166564941,4.6497220993042,stoptreinstation,0,1.0
540,8400674,Waddinxveen Noord,WADN,52.055000305176,4.6483335494995,stoptreinstation,0,1.0
541,8400677,Waddinxveen Triangel,WADT,52.02725,4.6491,stoptreinstation,0,1.0
542,8400679,Warffum,WFM,53.3908431,6.5671364,stoptreinstation,0,0.0
544,8400684,Weert,WT,51.248611450195,5.7036108970642,intercitystation,1,0.0
545,8400685,Weesp,WP,52.3127784729,5.0430555343628,knooppuntStoptreinstation,0,1.0
546,8400686,Wehl,WL,51.9578065,6.213844,stoptreinstation,0,0.0
549,8400688,Westervoort,WTV,51.96286,5.9695,stoptreinstation,0,0.0
550,8400690,Wezep,WZ,52.454166412354,6.0025000572205,stoptreinstation,0,0.0
553,8400691,Wierden,WDN,52.361389160156,6.5916666984558,knooppuntStoptreinstation,0,0.0
554,8400710,Wijchen,WC,51.811668395996,5.730833530426,stoptreinstation,0,0.0
555,8400711,Wijhe,WH,52.390277862549,6.1405553817749,intercitystation,1,0.0
557,8400696,Winschoten,WS,53.1392377,7.035101,knooppuntStoptreinstation,0,0.0
558,8400697,Winsum,WSM,53.3300994,6.5202905,stoptreinstation,0,0.0
559,8400698,Winterswijk,WW,51.9677307,6.7155181,knooppuntStoptreinstation,0,0.0
560,8400700,Winterswijk West,WWW,51.97453,6.70417,stoptreinstation,0,0.0
561,8400702,Woerden,WD,52.084999084473,4.8936109542847,knooppuntStoptreinstation,0,1.0
562,8400704,Wolfheze,WF,52.005554199219,5.7936110496521,stoptreinstation,0,0.0
564,8400705,Wolvega,WV,52.880832672119,6.0036110877991,stoptreinstation,0,0.0
566,8400706,Workum,WK,52.9724864,5.4564285,stoptreinstation,0,0.0
567,8400707,Wormerveer,WM,52.489166259766,4.7922220230103,stoptreinstation,0,0.0
573,8400731,Zaandam,ZD,52.438888549805,4.8136110305786,knooppuntIntercitystation,1,1.0
574,8400728,Zaandam Kogerveld,ZDK,52.456665039062,4.8202776908875,stoptreinstation,0,1.0
575,8400364,Zaandijk Zaanse Schans,ZZS,52.469165802002,4.8049998283386,knooppuntStoptreinstation,0,1.0
576,8400732,Zaltbommel,ZBM,51.80888748169,5.2633333206177,stoptreinstation,0,0.0
577,8400733,Zandvoort aan Zee,ZVT,52.3752784729,4.5327777862549,stoptreinstation,0,1.0
578,8400734,Zetten-Andelst,ZA,51.920056,5.7228408,stoptreinstation,0,0.0
579,8400735,Zevenaar,ZV,51.923053741455,6.0719442367554,knooppuntStoptreinstation,0,0.0
580,8400737,Zevenbergen,ZVB,51.64042,4.60904,stoptreinstation,0,0.0
581,8400741,Zoetermeer,ZTM,52.047500610352,4.4772224426269,knooppuntStoptreinstation,0,1.0
582,8400740,Zoetermeer Oost,ZTMO,52.046390533447,4.4927778244019,stoptreinstation,0,1.0
583,8400742,Zuidbroek,ZB,53.159612280006,6.8679141998291,knooppuntStoptreinstation,0,0.0
584,8400743,Zuidhorn,ZH,53.2486292,6.4062361,stoptreinstation,0,0.0
586,8400744,Zutphen,ZP,52.145278930664,6.1941666603088,knooppuntIntercitystation,1,0.0
587,8400752,Zwijndrecht,ZWD,51.814998626709,4.6416668891907,stoptreinstation,0,1.0
589,8400747,Zwolle,ZL,52.504722595215,6.0919442176819,knooppuntIntercitystation,1,0.0
590,8400746,Zwolle Stadshagen,ZLSH,52.52764,6.05146,stoptreinstation,0,0.0
