,Station,Code,Lat-coord,Lng-coord,Randstad
0,'s-Hertogenbosch,HT,51.69048,5.29362,0.0
1,'s-Hertogenbosch Oost,HTO,51.700553894043,5.3183331489563,0.0
2,'t Harde,HDE,52.4091682,5.893611,0.0
3,Aachen Hbf,AHBF,50.7678,6.091499,0.0
4,Aachen West,AW,50.78036,6.070715,0.0
5,Aalten,ATN,51.921326524551,6.5786272287369,0.0
6,Abcoude,AC,52.2785,4.977,1.0
7,Ahaus,EAHS,52.079796120944,7.0163583755493,0.0
8,Aime-la-Plagne,AIME,45.55438,6.64869,0.0
9,Airport Charles de Gaulle,ACDG,49.004048,2.571133,0.0
10,Aix-en-Provence TGV,AIXTGV,43.522819077343,5.4453134536743,0.0
11,Akkrum,AKM,53.046390533447,5.843611240387,0.0
12,Albertville,ALBERT,45.67302,6.38306,0.0
13,Alkmaar,AMR,52.63777923584,4.7397222518921,0.0
14,Alkmaar Noord,AMRN,52.643890380859,4.7641668319702,0.0
15,Almelo,AML,52.358055114746,6.6538887023926,0.0
16,Almelo de Riet,AMRI,52.341945648193,6.6666665077209,0.0
17,Almere Buiten,ALMB,52.394165039062,5.2780556678772,1.0
18,Almere Centrum,ALM,52.37503,5.21764,1.0
19,Almere Muziekwijk,ALMM,52.367500305176,5.1902775764465,1.0
20,Almere Oostvaarders,ALMO,52.403331756592,5.3005557060242,1.0
21,Almere Parkwijk,ALMP,52.376667022705,5.244722366333,1.0
22,Almere Poort,AMPO,52.342778,5.151944,1.0
23,Alphen a/d Rijn,APN,52.124443054199,4.6577777862549,1.0
24,Altenberge,EABG,52.05223,7.481202,0.0
25,Amersfoort Centraal,AMF,52.153888702393,5.3705554008484,1.0
26,Amersfoort Schothorst,AMFS,52.174822137451,5.4038887023926,0.0
27,Amersfoort Vathorst,AVAT,52.192779541016,5.4338889122009,0.0
28,Amsterdam Amstel,ASA,52.346668243408,4.9177780151367,1.0
29,Amsterdam Bijlmer ArenA,ASB,52.3122215271,4.9469442367554,1.0
30,Amsterdam Centraal,ASD,52.378887176514,4.9002776145935,1.0
31,Amsterdam Holendrecht,ASHD,52.29844,4.95972,1.0
32,Amsterdam Lelylaan,ASDL,52.357776641846,4.8338890075684,1.0
33,Amsterdam Muiderpoort,ASDM,52.360553741455,4.9311113357544,1.0
34,Amsterdam RAI,RAI,52.337223052979,4.8902778625488,1.0
35,Amsterdam Science Park,ASSP,52.35526,4.94651,1.0
36,Amsterdam Sloterdijk,ASS,52.388889312744,4.8377776145935,1.0
37,Amsterdam Zuid,ASDZ,52.338889,4.872356,1.0
38,Amstetten NÖ,AMST,48.578476,9.873496,0.0
39,Anna Paulowna,ANA,52.867221832275,4.8111109733581,0.0
40,Antwerpen-Berchem,BERCH,51.198914,4.4332,0.0
41,Antwerpen-Centraal,ATW,51.21686,4.421242,0.0
42,Antwerpen-Luchtbal,ATWLB,51.2449375,4.4251543,0.0
43,Antwerpen-Noorderdokken,ANDD,51.261686,4.4274315,0.0
44,Antwerpen-Zuid,FNZD,51.19785,4.39027,0.0
45,Apeldoorn,APD,52.209167480469,5.9702777862549,0.0
46,Apeldoorn De Maten,APDM,52.205276489258,6.0005555152893,0.0
47,Apeldoorn Osseveld,APDO,52.215278625488,6.0044445991516,0.0
48,Appingedam,APG,53.3258135,6.8619577,0.0
49,Arkel,AKL,51.87194442749,4.9927778244019,1.0
50,Arnemuiden,ARN,51.501667022705,3.6691665649414,0.0
51,Arnhem Centraal,AH,51.985000610352,5.8991665840149,0.0
52,Arnhem Presikhaaf,AHPR,51.988056182861,5.9438886642456,0.0
53,Arnhem Velperpoort,AHP,51.985279083252,5.9194445610046,0.0
54,Arnhem Zuid,AHZ,51.955001831055,5.8519444465637,0.0
55,Assen,ASN,52.991664886475,6.5708332061768,0.0
56,Augsburg Hbf,MA,48.365430714393,10.88547706604,0.0
57,Avignon TGV,AVTGV,43.92194,4.78604,0.0
58,Baarn,BRN,52.208332061768,5.2808332443237,1.0
59,Bad Bentheim,BH,52.309685595156,7.1585369110107,0.0
60,Bad Nieuweschans,NSCH,53.1844,7.19937,0.0
61,Bad Oeynhausen,OEYNH,52.205461,8.796932,0.0
62,Baden (CH),BADENZ,47.47638,8.30772,0.0
63,Baflo,BF,53.3608969,6.5185581,0.0
64,Barendrecht,BRD,51.854721069336,4.5533332824707,1.0
65,Barneveld Centrum,BNC,52.139999389648,5.590277671814,0.0
66,Barneveld Noord,BNN,52.161388397217,5.5980553627014,0.0
67,Barneveld Zuid,BNZ,52.128853,5.60246,0.0
68,Basel Bad Bf,BASELB,47.56815,7.6073,0.0
69,Basel SBB,BASELS,47.5474,7.58956,0.0
70,Bedum,BDM,53.3068857,6.593054,0.0
71,Beek-Elsloo,BK,50.947498321533,5.7866668701172,0.0
72,Beesd,BSD,51.899444580078,5.1944446563721,0.0
73,Beilen,BL,52.854721069336,6.5211110115051,0.0
74,Belsele,LLB,51.150833,4.088332,0.0
75,Bergen op Zoom,BGN,51.49388885498,4.2961111068726,0.0
76,Berlin Gesundbrunnen,GSB,52.5486327,13.3904267,0.0
77,Berlin Hbf,BERHBL,52.52503,13.36946,0.0
78,Berlin Ostbahnhof,BHF,52.5104989,13.4346995,0.0
79,Berlin-Spandau,BSPD,52.5343152,13.1989467,0.0
80,Best,BET,51.509998321533,5.3891668319702,0.0
81,Beveren,FBR,51.208056,4.259444,0.0
82,Beverwijk,BV,52.478332519531,4.6566667556763,0.0
83,Bielefeld Hbf,BIELEF,52.029261,8.532722,0.0
84,Bilthoven,BHV,52.130001068115,5.2038888931274,1.0
85,Bilzen,FIE,50.868333,5.509167,0.0
86,Blerick,BR,51.372501373291,6.1550002098083,0.0
87,Bloemendaal,BLL,52.404167175293,4.6275000572205,1.0
88,Bodegraven,BDG,52.081390380859,4.7461109161377,1.0
89,Boisheim,KBOI,51.274323,6.274591,0.0
90,Bologna Centrale,ALESS,44.506389,11.341944,0.0
91,Bönen,EBEO,51.598015,7.757296,0.0
92,Bonn Hbf,BONN,50.732014164675,7.0971250534058,0.0
93,Bonn-Beuel,KBB,50.738611,7.127778,0.0
94,Boom,FMB,51.09063,4.36057,0.0
95,Bork (Westf),EBOK,51.66988,7.45664,0.0
96,Borne,BN,52.298889160156,6.7480554580689,0.0
97,Boskoop,BSK,52.077777862549,4.6469445228577,1.0
98,Boskoop Snijdelwijk,BSKS,52.067658,4.646186,1.0
99,Bourg-St-Maurice,BOURG,45.61918,6.77167,0.0
100,Boven-Hardinxveld,BHDV,51.832222,4.878056,1.0
101,Bovenkarspel Flora,BKF,52.696109771729,5.2527775764465,0.0
102,Bovenkarspel-Grootebroek,BKG,52.694999694824,5.2377777099609,0.0
103,Boxmeer,BMR,51.644521767653,5.9390330314636,0.0
104,Boxtel,BTL,51.58433,5.31912,0.0
105,Breda,BD,51.595554351807,4.7800002098083,0.0
106,Breda-Prinsenbeek,BDPB,51.606388092041,4.7208333015442,0.0
107,Bressoux,BRESSX,50.643829,5.6112542,0.0
108,Breukelen,BKL,52.17149,4.9906,1.0
109,Breyell,KBRY,51.294615,6.241174,0.0
110,Brummen,BMN,52.091110229492,6.1469445228577,0.0
111,Brussel-Centraal,BRUSC,50.845175,4.357131,0.0
112,Brussel-Noord,BRUSN,50.859658,4.360854,0.0
113,Brussel-Zuid Midi,BRUSZ,50.836782,4.336922,0.0
114,Brussels Airport-Zaventem,FBNL,50.896821,4.48549,0.0
115,Buitenpost,BP,53.2564547,6.1446496,0.0
116,Bunde,BDE,50.896945953369,5.7366666793823,0.0
117,Bünde (Westf),BUENDE,52.202075,8.573876,0.0
118,Bunnik,BNK,52.063056945801,5.1944446563721,1.0
119,Bussum Zuid,BSMZ,52.26583480835,5.1630554199219,1.0
120,Capelle Schollevaar,CPS,51.954166412354,4.5841665267944,1.0
121,Castricum,CAS,52.545833587646,4.6586112976074,0.0
122,Chambéry,CHAMB,45.57127,5.91953,0.0
123,Chevremont,CVM,50.876110076904,6.0597224235535,0.0
124,Coesfeld (Westf),ECMF,51.939,7.1642,0.0
125,Coevorden,CO,52.663612365723,6.7355556488037,0.0
126,Como S. Giovanni,COMO,45.80889,9.071944,0.0
127,Cuijk,CK,51.726682587905,5.8742952346802,0.0
128,Culemborg,CL,51.946666717529,5.2269444465637,0.0
129,Daarlerveen,DA,52.4407702,6.5759947,0.0
130,Dalen,DLN,52.69416809082,6.7580556869507,0.0
131,Dalfsen,DL,52.498332977295,6.25861120224,0.0
132,De Vink,DVNK,52.147220611572,4.4563889503479,1.0
133,De Westereen,DWE,53.24817,6.03463,0.0
134,Deinum,DEI,53.1888115,5.7281572,0.0
135,Delden,DDN,52.259998321533,6.7161111831665,0.0
136,Delft,DT,52.00666809082,4.3563890457153,1.0
137,Delft Campus,DTCP,51.990833282471,4.3647222518921,1.0
138,Delfzijl,DZ,53.3336625,6.9240797,0.0
139,Delfzijl West,DZW,53.3320834,6.9069092,0.0
140,Den Dolder,DLD,52.140277862549,5.2427778244019,1.0
141,Den Haag Centraal,GVC,52.080276489258,4.3249998092651,1.0
142,Den Haag HS,GV,52.069721221924,4.3225002288818,1.0
143,Den Haag Laan v NOI,LAA,52.078609466553,4.3427777290344,1.0
144,Den Haag Mariahoeve,GVM,52.090557098389,4.3694443702698,1.0
145,Den Haag Moerwijk,GVMW,52.053890228271,4.3086109161377,1.0
146,Den Haag Ypenburg,YPB,52.055278778076,4.39222240448,1.0
147,Den Helder,HDR,52.955276489258,4.7611112594605,0.0
148,Den Helder Zuid,HDRZ,52.932498931885,4.7641668319702,0.0
149,Deurne,DN,51.455833435059,5.7888889312744,0.0
150,Deventer,DV,52.257499694824,6.1605553627014,0.0
151,Deventer Colmschate,DVC,52.2502784729,6.2144446372986,0.0
152,Didam,DID,51.933502,6.1324106,0.0
153,Diemen,DMN,52.34515,4.967566,1.0
154,Diemen Zuid,DMNZ,52.330276489258,4.9558334350586,1.0
155,Diepenbeek,GDP,50.910278,5.419722,0.0
156,Dieren,DR,52.044998168945,6.1030554771423,0.0
157,Doetinchem,DTC,51.9585962,6.2962148,0.0
158,Doetinchem De Huet,DTCH,51.9591413,6.2598521,0.0
159,Dordrecht,DDR,51.807220458984,4.668333530426,1.0
160,Dordrecht Stadspolders,DDRS,51.801944732666,4.7166666984558,1.0
161,Dordrecht Zuid,DDZD,51.790000915527,4.6713891029358,1.0
162,Dortmund Derne,EDD,51.56754,7.52855,0.0
163,Dortmund Hbf,EDO,51.517896,7.45929,0.0
164,Dortmund Kirchderne,EDKD,51.547076,7.510099,0.0
165,Driebergen-Zeist,DB,52.065277099609,5.25861120224,1.0
166,Driehuis,DRH,52.442501068115,4.6380553245544,1.0
167,Dronryp,DRP,53.1778086,5.6347411,0.0
168,Dronten,DRON,52.5344,5.72089,0.0
169,Duisburg Hbf,DUISB,51.429778571332,6.7759037017822,0.0
170,Duiven,DVN,51.943332672119,6.0147223472595,0.0
171,Duivendrecht,DVD,52.323333740234,4.9363889694214,1.0
172,Dülken,KDUL,51.257149,6.33793,0.0
173,Dülmen,EDULH,51.827927,7.295756,0.0
174,Düsseldorf Flughafen,KDFFH,51.292009,6.786836,0.0
175,Düsseldorf Hbf,DUSSEL,51.220146,6.793137,0.0
176,Echt,EC,51.100555419922,5.8788890838623,0.0
177,Ede Centrum,EDC,52.043609619141,5.668333530426,0.0
178,Ede-Wageningen,ED,52.027778625488,5.6730556488037,0.0
179,Eemshaven,EEM,53.458419,6.832,0.0
180,Eijsden,EDN,50.771945953369,5.710000038147,0.0
181,Eindhoven Centraal,EHV,51.443332672119,5.4813890457153,0.0
182,Eindhoven Strijp-S,EHS,51.451110839844,5.4558334350586,0.0
183,Ekeren,LKR,51.2816099,4.4341227,0.0
184,Elst,EST,51.916942596435,5.8550000190735,0.0
185,Emmen,EMN,52.790000915527,6.8994445800781,0.0
186,Emmen Zuid,EMNZ,52.748866374691,6.8747806549072,0.0
187,Emmerich,EM,51.834283,6.255718,0.0
188,Emmerich-Elten,EL,51.8743,6.15417,0.0
189,Enkhuizen,EKZ,52.699165344238,5.286388874054,0.0
190,Ennepetal,EENP,51.304892,7.343285,0.0
191,Enschede,ES,52.222499847412,6.8899998664856,0.0
192,Enschede De Eschmarke,ESE,52.221389770508,6.9511113166809,0.0
193,Enschede Kennispark,ESK,52.23749923706,6.8388891220093,0.0
194,Epe (Westf),EEPE,52.18346,7.03009,0.0
195,Ermelo,EML,52.301666259766,5.6147222518921,0.0
196,Essen,ESN,51.46261,4.45129,0.0
197,Etten-Leur,ETN,51.57500076294,4.6358332633972,0.0
198,Eygelshoven,EGH,50.890556335449,6.0450000762939,0.0
199,Eygelshoven Markt,EGHM,50.896049819644,6.0602474212646,0.0
200,Feanwâlden,FWD,53.2351834,5.9886615,0.0
201,Firenze Campo di Marte,LIVOR,43.776667,11.276667,0.0
202,Franeker,FN,53.1824488,5.5483094,0.0
203,Frankfurt (M) Hbf,FFFM,50.1071222,8.6638338,0.0
204,Frankfurt (Main) Süd,FFS,50.099444,8.686389,0.0
205,Frankfurt Flughafen Fernb,FNAF,50.053171029929,8.570237159729,0.0
206,Freiburg (Breisgau) Hbf,RF,47.99789,7.84134,0.0
207,Gaanderen,GDR,51.93074,6.3486,0.0
208,Geldermalsen,GDM,51.88301,5.27127,0.0
209,Geldrop,GP,51.419723510742,5.5505557060242,0.0
210,Geleen Oost,GLN,50.966945648193,5.8430557250977,0.0
211,Geleen-Lutterade,LUT,50.975555419922,5.8247222900391,0.0
212,Gent Sint Pieters,FGSP,51.0361744,3.7108469,0.0
213,Gilze-Rijen,GZ,51.583610534668,4.9261112213135,0.0
214,Glanerbrug,GBR,52.218612670898,6.9744443893433,0.0
215,Glons,LGL,50.750277,5.535278,0.0
216,Goes,GS,51.498054504395,3.8905556201935,0.0
217,Goor,GO,52.230278015137,6.5844445228577,0.0
218,Göppingen,TGO,48.700191,9.651685,0.0
219,Gorinchem,GR,51.833889007568,4.9683332443237,1.0
220,Göteborg Central,HOJE,57.708889,11.973333,0.0
221,Gouda,GD,52.017501831055,4.7044444084167,1.0
222,Gouda Goverwelle,GDG,52.014999389648,4.7408332824707,1.0
223,Gramsbergen,GBG,52.60916519165,6.6758332252502,0.0
224,Grijpskerk,GK,53.255740325573,6.3097786903381,0.0
225,Gronau (Westf.),G,52.21521,7.022109,0.0
226,Groningen,GN,53.210556030273,6.5647220611572,0.0
227,Groningen Europapark,GERP,53.20480027,6.5854178,0.0
228,Groningen Noord,GNN,53.2301469,6.5563172,0.0
229,Grou-Jirnsum,GW,53.088890075684,5.8225002288818,0.0
230,Günzburg,MGZB,48.460226,10.278707,0.0
231,Haarlem,HLM,52.38777923584,4.6383333206177,1.0
232,Haarlem Spaarnwoude,HLMS,52.382778167725,4.6730556488037,1.0
233,Hagen Hbf,HAGEN,51.362747,7.460249,0.0
234,Halfweg-Zwanenburg,HWZB,52.385935,4.747165,1.0
235,Hamm (Westf.),HAMM,51.678078,7.807821,0.0
236,Hannover Hbf,HANN,52.3770401,9.7416759,0.0
237,Hardenberg,HDB,52.572776794434,6.6286110877991,0.0
238,Harderwijk,HD,52.337501525879,5.619722366333,0.0
239,Hardinxveld Blauwe Zoom,HBZM,51.82944,4.81556,1.0
240,Hardinxveld-Giessendam,GND,51.830554962158,4.8358335494995,1.0
241,Haren,HRN,53.176109313965,6.6172223091125,0.0
242,Harlingen,HLG,53.1704205,5.4251932,0.0
243,Harlingen Haven,HLGH,53.174917,5.4112885,0.0
244,Hasselt,FHS,50.930555,5.3275,0.0
245,Heemskerk,HK,52.495277404785,4.6869444847107,0.0
246,Heemstede-Aerdenhout,HAD,52.35916519165,4.6066665649414,1.0
247,Heerenveen,HR,52.961387634277,5.9141664505005,0.0
248,Heerenveen IJsstadion,HRY,52.935276031494,5.9438886642456,0.0
249,Heerhugowaard,HWD,52.669723510742,4.8227777481079,0.0
250,Heerlen,HRL,50.89083480835,5.9749999046326,0.0
251,Heerlen Woonboulevard,HRLW,50.896667,5.952222,0.0
252,Heeze,HZE,51.384998321533,5.5694446563721,0.0
253,Heide (B),MID,51.364828,4.4604308,0.0
254,Heiloo,HLO,52.599445343018,4.7005553245544,0.0
255,Heino,HNO,52.427223205566,6.2211112976074,0.0
256,Helmond,HM,51.475555419922,5.6619443893433,0.0
257,Helmond 't Hout,HMH,51.46794,5.63085,0.0
258,Helmond Brandevoort,HMBV,51.462223052979,5.6072220802307,0.0
259,Helmond Brouwhuis,HMBH,51.47068,5.70177,0.0
260,Hemiksem,LKM,51.13624,4.33828,0.0
261,Hemmen-Dodewaard,HMN,51.9222129,5.6737254,0.0
262,Hengelo,HGL,52.261665344238,6.7938890457153,0.0
263,Hengelo Gezondheidspark,HGLG,52.261667,6.767778,0.0
264,Hengelo Oost,HGLO,52.268890380859,6.8194446563721,0.0
265,Herstal,LHS,50.66076,5.62231,0.0
266,Herzogenrath,HZ,50.870916,6.094486,0.0
267,Hillegom,HIL,52.302501678467,4.5655555725098,1.0
268,Hilversum,HVS,52.225833892822,5.1819443702698,1.0
269,Hilversum Media Park,HVSM,52.238056182861,5.1738886833191,1.0
270,Hilversum Sportpark,HVSP,52.216110229492,5.1872220039368,1.0
271,Hindeloopen,HNP,52.9464903,5.423063,0.0
272,Hoboken-Polder,FOE,51.18285,4.34831,0.0
273,Hoensbroek,HB,50.905555725098,5.9305553436279,0.0
274,Hoevelaken,HVL,52.16652,5.45718,0.0
275,Hollandsche Rading,HOR,52.17777633667,5.1791667938232,1.0
276,Holten,HON,52.283889770508,6.42027759552,0.0
277,Holzwickede,EHZW,51.504767,7.619647,0.0
278,Hoofddorp,HFD,52.293334960938,4.7005553245544,1.0
279,Hoogeveen,HGV,52.733890533447,6.4736108779907,0.0
280,Hoogezand-Sappemeer,HGZ,53.159818131676,6.7707538604736,0.0
281,Hoogkarspel,HKS,52.69055557251,5.1838889122009,0.0
282,Hoorn,HN,52.644721984863,5.0555553436279,0.0
283,Hoorn Kersenboogerd,HNK,52.653610229492,5.0855555534363,0.0
284,Hopfgarten,HOPF,47.45525,12.14921,0.0
285,Horst-Sevenum,HRT,51.426387786865,6.0422220230103,0.0
286,Houten,HTN,52.03402,5.16821,1.0
287,Houten Castellum,HTNC,52.01701,5.17949,1.0
288,Houthem-St. Gerlach,SGL,50.873332977295,5.7972221374512,0.0
289,Hurdegaryp,HDG,53.2187783,5.934543,0.0
290,IJlst,IJT,53.0146614,5.6160801,0.0
291,Innsbruck Hbf,INNSB,47.26328,11.401,0.0
292,Jenbach,JENBAC,47.38844,11.77841,0.0
293,Kaldenkirchen,KN,51.327184,6.203225,0.0
294,Kalmthout,FKTH,51.3909989,4.4668202,0.0
295,Kampen,KPN,52.559722900391,5.9216666221619,0.0
296,Kampen Zuid,KPNZ,52.5331,5.91309,0.0
297,Kapelle-Biezelinge,BZL,51.480834960938,3.9561111927033,0.0
298,Kapellen,LKP,51.31362,4.43262,0.0
299,Karlsruhe Hbf,KARLSR,48.9936223,8.400743,0.0
300,Kerkrade Centrum,KRD,50.861667633057,6.0574998855591,0.0
301,Kesteren,KTR,51.9313869,5.5833465,0.0
302,Kijkuit,GKT,51.37867,4.46722,0.0
303,Klarenbeek,KBK,52.17805480957,6.0836110115051,0.0
304,Klimmen-Ransdaal,KMR,50.866390228271,5.8905553817749,0.0
305,Koblenz Hbf,KKO,50.351085,7.588649,0.0
306,Köln Hbf,KOLN,50.9432158,6.9589214,0.0
307,Köln Messe/Deutz,KKD,50.940874,6.975001,0.0
308,Köln West,KKW,50.943611,6.934444,0.0
309,Köln-Ehrenfeld,KKERP,50.951533,6.917276,0.0
310,Köln-Mülheim,KKM,50.958056,7.013333,0.0
311,Koog aan de Zaan,KZ,52.458610534668,4.8055553436279,1.0
312,Koudum-Molkwerum,KMW,52.9028197,5.4106913,0.0
313,Københavns Lufthavn St,ODENS,55.63,12.649167,0.0
314,Krabbendijke,KBD,51.433334350586,4.1169443130493,0.0
315,Krommenie-Assendelft,KMA,52.49511,4.75417,0.0
316,Kropswolde,KW,53.1617362,6.7220882,0.0
317,Kruiningen-Yerseke,KRG,51.465000152588,4.0372223854065,0.0
318,Kufstein,KUFST,47.5831,12.16568,0.0
319,Lage Zwaluwe,ZLW,51.69111251831,4.6630554199219,0.0
320,Landgraaf,LG,50.896389007568,6.019166469574,0.0
321,Landry,LANDRY,45.57414,6.73378,0.0
322,Lansingerland-Zoetermeer,LLZM,52.042222,4.517222,1.0
323,Leer (Ostfriesl),LEER,53.23165,7.465283,0.0
324,Leerdam,LDM,51.894721984863,5.0913887023926,0.0
325,Leeuwarden,LW,53.195835113525,5.7922220230103,0.0
326,Leeuwarden Camminghaburen,LWC,53.2021808,5.8422968,0.0
327,Legden,ELGD,52.034924,7.088538,0.0
328,Leiden Centraal,LEDN,52.166110992432,4.4816665649414,1.0
329,Leiden Lammenschans,LDL,52.146945953369,4.4924998283386,1.0
330,Lelystad Centrum,LLS,52.507778167725,5.4727778434753,0.0
331,Lette (Kr Coesfeld),ELET,51.8925,7.187,0.0
332,Leuven,LEUVEN,50.88136,4.71568,0.0
333,Lichtenvoorde-Groenlo,LTV,52.01188,6.59641,0.0
334,Liège-Carré,FLJ,50.64051,5.56197,0.0
335,Liège-Guillemins,LUIK,50.62436,5.56648,0.0
336,Liège-Saint-Lambert,FLGP,50.64648,5.57072,0.0
337,Liers,LSL,50.69822,5.56848,0.0
338,Lille Europe,LILLEE,50.639444,3.074722,0.0
339,Limburg Süd,FLB,50.382498,8.096112,0.0
340,Linz Hbf,LINZ,48.29018,14.29213,0.0
341,Lochem,LC,52.166667938232,6.4263887405395,0.0
342,Lokeren,FLK,51.107222,3.985833,0.0
343,London St. Pancras Int.,STP,51.531437,-0.126136,0.0
344,Loppersum,LP,53.3347145,6.7472625,0.0
345,Lüdinghausen,ELDH,51.76184,7.43165,0.0
346,Lünen Hbf,ELUE,51.61713,7.52949,0.0
347,Lunteren,LTN,52.085277557373,5.6244444847107,0.0
348,Maarheeze,MZ,51.304986,5.629796,0.0
349,Maarn,MRN,52.064167022705,5.3699998855591,0.0
350,Maarssen,MAS,52.135276794434,5.0336112976074,1.0
351,Maastricht,MT,50.850276947021,5.7055554389954,0.0
352,Maastricht Noord,MTN,50.87087,5.71774,0.0
353,Maastricht Randwyck,MTR,50.838611602783,5.7172222137451,0.0
354,Mainz Hbf,FMZ,50.001117,8.25872,0.0
355,Malmö Central,RINGS,55.609444,13.000833,0.0
356,Mannheim Hbf,MANNHE,49.479354,8.468921,0.0
357,Mantgum,MG,53.1296368,5.7131996,0.0
358,Mariënberg,MRB,52.50944519043,6.5752778053284,0.0
359,Marne-la-Vallée-Chessy,MARNE,48.86826,2.78218,0.0
360,Marseille-St-Charles,MARS,43.30381,5.38195,0.0
361,Martenshoek,MTH,53.1607232,6.7402989,0.0
362,Mechelen,MECH,51.01758,4.48313,0.0
363,Meerssen,MES,50.882879392551,5.7509994506836,0.0
364,Melsele,LM,51.210556,4.286667,0.0
365,Meppel,MP,52.69083404541,6.1975002288818,0.0
366,Metelen Land,EMTE,52.162444,7.254423,0.0
367,Middelburg,MDB,51.494720458984,3.6172223091126,0.0
368,Milano Porta Garibaldi,DOMOD,45.484722,9.187778,0.0
369,Milmort,BLTM,50.69301,5.59983,0.0
370,Minden (Westf),MINDEN,52.290138,8.934728,0.0
371,Mönchengladbach Hbf,MCGB,51.196583,6.446111,0.0
372,Mook-Molenhoek,MMLH,51.766262,5.879133,0.0
373,Moutiers-Salins-Brides,MOUT,45.48664,6.53105,0.0
374,München Hbf,MUNCHH,48.140203335951,11.558346748352,0.0
375,München Ost,STRAUB,48.1275,11.605,0.0
376,Münster (W) Zentrum Nord,ENHF,51.984987,7.63861,0.0
377,Münster (Westf) Hbf,MUNST,51.956892,7.635895,0.0
378,Münster-Häger,ENBE,52.022327,7.562668,0.0
379,Naarden-Bussum,NDB,52.280277252197,5.1569442749023,1.0
380,Neuss Hbf,NEUSS,51.20444,6.68468,0.0
381,Niel,LNI,51.11154,4.33845,0.0
382,Nieuw Amsterdam,,52.718612670898,6.8486108779907,0.0
383,Nieuw Vennep,NVP,52.258888244629,4.6455554962158,1.0
384,Nieuwerkerk a/d IJssel,NWK,51.965278625488,4.6169443130493,1.0
385,Nieuwkerken-Waas,FNU,51.185556,4.185832,0.0
386,Nijkerk,NKK,52.222221374512,5.4938888549805,0.0
387,Nijmegen,NM,51.843612670898,5.8522224426269,0.0
388,Nijmegen Dukenburg,NMD,51.824165344238,5.7955555915833,0.0
389,Nijmegen Goffert,NMGO,51.8273,5.822722,0.0
390,Nijmegen Heyendaal,NMH,51.826946258545,5.8674998283386,0.0
391,Nijmegen Lent,NML,51.863154,5.859625,0.0
392,Nijverdal,NVD,52.366111,6.462,0.0
393,Noorderkempen,NDKP,51.358088,4.633977,0.0
394,Nordwalde,ENOW,52.077618,7.461706,0.0
395,Nunspeet,NS,52.370834350586,5.7852778434753,0.0
396,Nürnberg Hbf,NURNB,49.4449634,11.0826087,0.0
397,Nuth,NH,50.919445037842,5.8927779197693,0.0
398,Obdam,OBD,52.67805480957,4.9072222709656,0.0
399,Oberhausen Hbf,OBERH,51.47512,6.852038,0.0
400,Oberhausen-Sterkrade,OBERHS,51.512222,6.843611,0.0
401,Ochtrup,EOP,52.201703,7.182643,0.0
402,Offenburg,RO,48.476475,7.946723,0.0
403,Oisterwijk,OT,51.582221984863,5.1941666603088,0.0
404,Oldenzaal,ODZ,52.30638885498,6.9347224235535,0.0
405,Olst,OST,52.334720611572,6.1130557060242,0.0
406,Ommen,OMN,52.50944519043,6.4158334732056,0.0
407,Oosterbeek,OTB,51.994998931885,5.8400001525879,0.0
408,Opheusden,OP,51.9261615,5.6371145,0.0
409,Osnabrück Hbf,OSNH,52.272851,8.061781,0.0
410,Oss,O,51.765556335449,5.5322222709656,0.0
411,Oss West,OW,51.758056640625,5.5055556297302,0.0
412,Oudenbosch,ODB,51.587776184082,4.5333333015442,0.0
413,Overveen,OVN,52.391109466553,4.6061110496521,1.0
414,Paris-Nord,PARIS,48.87977,2.35575,0.0
415,Passau Hbf,PASS,48.573426952347,13.450870513916,0.0
416,Plochingen,TP,48.71308,9.41081,0.0
417,Praest,EPRA,51.821944,6.345556,0.0
418,Preussen,EPRN,51.58833,7.53933,0.0
419,Purmerend,PMR,52.50305557251,4.9536108970642,0.0
420,Purmerend Overwhere,PMO,52.511390686035,4.9683332443237,0.0
421,Purmerend Weidevenne,PMW,52.496590632542,4.9356293678284,0.0
422,Putten,PT,52.264999389648,5.5752778053284,0.0
423,Puurs,FRP,51.07716,4.28273,0.0
424,Raalte,RAT,52.391666412354,6.2775001525879,0.0
425,Ravenstein,RVS,51.794166564941,5.6358332633972,0.0
426,Regensburg Hbf,REGENB,49.011672,12.099617,0.0
427,Reuver,RV,51.28321916653,6.0789585113525,0.0
428,Rheden,RH,52.0101,6.0314,0.0
429,Rheine,RHEINE,52.276299,7.434255,0.0
430,Rhenen,RHN,51.958610534668,5.5783333778381,0.0
431,Rijssen,RSN,52.3122215271,6.5202779769897,0.0
432,Rijswijk,RSW,52.039722442627,4.3191666603088,1.0
433,Rilland-Bath,RB,51.422779083252,4.1611108779907,0.0
434,Roermond,RM,51.193054199219,5.9941668510437,0.0
435,Roodeschool,RD,53.421262,6.7587,0.0
436,Roosendaal,RSD,51.540279388428,4.4583334922791,0.0
437,Rosendahl-Holtwick,EHW,51.99946726041,7.1215009689331,0.0
438,Rosenheim,ROSENH,47.85,12.119167,0.0
439,Rosmalen,RS,51.714721679688,5.3680553436279,0.0
440,Rotterdam Alexander,RTA,51.951946258545,4.5536112785339,1.0
441,Rotterdam Blaak,RTB,51.920276641846,4.4888887405395,1.0
442,Rotterdam Centraal,RTD,51.92499923706,4.468888759613,1.0
443,Rotterdam Lombardijen,RLB,51.880001068115,4.531388759613,1.0
444,Rotterdam Noord,RTN,51.942222595215,4.4816665649414,1.0
445,Rotterdam Stadion,RTST,51.893890380859,4.5197219848633,1.0
446,Rotterdam Zuid,RTZ,51.904445648193,4.5102777481079,1.0
447,Ruisbroek-Sauvegarde,FSV,51.08115,4.32551,0.0
448,Ruurlo,RL,52.0810888,6.4492656,0.0
449,Salzburg Hbf,SCHARD,47.813056,13.045833,0.0
450,Santpoort Noord,SPTN,52.43388748169,4.6325001716614,1.0
451,Santpoort Zuid,SPTZ,52.419723510742,4.6313886642456,1.0
452,Sassenheim,SSH,52.215278,4.517222,1.0
453,Sauwerd,SWD,53.29113,6.5404,0.0
454,Schagen,SGN,52.784442901611,4.8052778244019,0.0
455,Scheemda,SDA,53.1655362,6.9777775,0.0
456,Schelle,SCHLL,51.12555,4.34023,0.0
457,Schiedam Centrum,SDM,51.921243812803,4.4089937210083,1.0
458,Schin op Geul,SOG,50.856388092041,5.8722224235535,0.0
459,Schinnen,SN,50.939167022705,5.8744444847107,0.0
460,Schiphol Airport,SHL,52.30944442749,4.7619442939758,1.0
461,Schwelm,KSWE,51.290526,7.289681,0.0
462,Schwerte (Ruhr),ESRT,51.442281,7.55896,0.0
463,Selm,ESEM,51.707885,7.453396,0.0
464,Selm-Beifang,ESEB,51.692947,7.454829,0.0
465,Siegburg/Bonn,KSB,50.7939411,7.2030017,0.0
466,Sinaai,LSW,51.143333,4.068889,0.0
467,Sint-Mariaburg,MARIA,51.29126,4.43495,0.0
468,Sint-Niklaas,FSN,51.171944,4.144167,0.0
469,Sittard,STD,51.001667022705,5.8586111068726,0.0
470,Sliedrecht,SDT,51.829723358154,4.7783331871033,1.0
471,Sliedrecht Baanhoek,SDTB,51.829722,4.743333,1.0
472,Sneek,SK,53.0328688,5.6523969,0.0
473,Sneek Noord,SKND,53.0409319,5.6631808,0.0
474,Soest,ST,52.173332214355,5.3099999427795,1.0
475,Soest Zuid,STZ,52.165279388428,5.3030557632446,1.0
476,Soestdijk,SD,52.183612823486,5.3000001907349,1.0
477,Spaubeek,SBK,50.94327,5.850529,0.0
478,St.Pölten Hbf,POLTEN,48.20769,15.62591,0.0
479,Stavoren,STV,52.8865535,5.3600212,0.0
480,Stedum,STM,53.3262092,6.6875551,0.0
481,Steenwijk,SWK,52.791510992432,6.1145557632446,0.0
482,Steinfurt-Borghorst,EBGO,52.118791,7.397581,0.0
483,Steinfurt-Burgsteinfurt,EBFT,52.147384,7.32934,0.0
484,Steinfurt-Grottenkamp,EGRK,52.123439,7.376031,0.0
485,Stendal,LS,52.594723,11.854412,0.0
486,Stuttgart Hbf,TS,48.784084,9.181635,0.0
487,Susteren,SRN,51.061389923096,5.8630557060242,0.0
488,Swalmen,SM,51.23582,6.03228,0.0
489,Tegelen,TG,51.33894,6.14253,0.0
490,Terborg,TBG,51.9224549,6.3642466,0.0
491,Tiel,TL,51.889446258545,5.4222221374512,0.0
492,Tiel Passewaaij,TPSW,51.873889923096,5.39222240448,0.0
493,Tilburg,TB,51.560554504395,5.0836110115051,0.0
494,Tilburg Reeshof,TBR,51.573612213135,4.9944443702698,0.0
495,Tilburg Universiteit,TBU,51.564985,5.051778,0.0
496,Tongeren,FTG,50.784167,5.473056,0.0
497,Troisdorf,KT,50.813889,7.150833,0.0
498,Twello,TWL,52.237777709961,6.0986108779907,0.0
499,Uitgeest,UTG,52.521667480469,4.7016668319702,0.0
500,Uithuizen,UHZ,53.4099568,6.6748869,0.0
501,Uithuizermeeden,UHM,53.4145845,6.7202975,0.0
502,Ulm Hbf,TU,48.399015,9.982165,0.0
503,Unna,EUN,51.5385828,7.6953056,0.0
504,Usquert,UST,53.4014742,6.6093776,0.0
505,Utrecht Centraal,UT,52.088890075684,5.1102776527405,1.0
506,Utrecht Leidsche Rijn,UTLR,52.09896,5.06523,1.0
507,Utrecht Lunetten,UTLN,52.06555557251,5.144166469574,1.0
508,Utrecht Maliebaan,UTM,52.087776184082,5.1313886642456,1.0
509,Utrecht Overvecht,UTO,52.110000610352,5.1247220039368,1.0
510,Utrecht Terwijde,UTT,52.1000753,5.0439547,1.0
511,Utrecht Vaartsche Rijn,UTVR,52.078889,5.121667,1.0
512,Utrecht Zuilen,UTZL,52.103055,5.09,1.0
513,Valence TGV,VALTGV,44.9278,4.89321,0.0
514,Valkenburg,VK,50.869720458984,5.8322219848633,0.0
515,Varsseveld,VSV,51.937257,6.458839,0.0
516,Veendam,VDM,53.10324,6.88475,0.0
517,Veenendaal Centrum,VNDC,52.020000457764,5.548611164093,0.0
518,Veenendaal West,VNDW,52.028057098389,5.531388759613,0.0
519,Veenendaal-De Klomp,KLP,52.045833587646,5.5738887786865,0.0
520,Velp,VP,51.994720458984,5.9802780151367,0.0
521,Venezia Santa Lucia,MEREL,45.4410734,12.3188549,0.0
522,Venlo,VL,51.363609313965,6.1727776527405,0.0
523,Venray,VRY,51.526568099007,6.0141777992248,0.0
524,Vierlingsbeek,VLB,51.59193,5.99714,0.0
525,Viersen,VIERS,51.25516,6.40388,0.0
526,Visé,FVS,50.73781,5.69232,0.0
527,Vleuten,VTN,52.103056,5.007404,1.0
528,Vlissingen,VS,51.445835113525,3.5952777862549,0.0
529,Vlissingen Souburg,VSS,51.464721679688,3.5952777862549,0.0
530,Voerendaal,VDL,50.887222290039,5.9302778244019,0.0
531,Voorburg,VB,52.066665649414,4.3594446182251,1.0
532,Voorhout,VH,52.224445343018,4.4844446182251,1.0
533,Voorschoten,VST,52.1252784729,4.4324998855591,1.0
534,Voorst-Empe,VEM,52.157501220703,6.1436109542847,0.0
535,Vorden,VD,52.1071949,6.3170457,0.0
536,Vriezenveen,VZ,52.40203,6.60041,0.0
537,Vroomshoop,VHP,52.4571921,6.5696679,0.0
538,Vught,VG,51.655555725098,5.2919445037842,0.0
539,Waddinxveen,WAD,52.044166564941,4.6497220993042,1.0
540,Waddinxveen Noord,WADN,52.055000305176,4.6483335494995,1.0
541,Waddinxveen Triangel,WADT,52.02725,4.6491,1.0
542,Warffum,WFM,53.3908431,6.5671364,0.0
543,Weener,WR,53.16311,7.3442,0.0
544,Weert,WT,51.248611450195,5.7036108970642,0.0
545,Weesp,WP,52.3127784729,5.0430555343628,1.0
546,Wehl,WL,51.9578065,6.213844,0.0
547,Wels Hbf,WELS,48.166111,14.026667,0.0
548,Wesel,WESEL,51.655833,6.627222,0.0
549,Westervoort,WTV,51.96286,5.9695,0.0
550,Wezep,WZ,52.454166412354,6.0025000572205,0.0
551,Wien Hbf,WBF,48.185,16.375833,0.0
552,Wien Hütteldorf,WIENH,48.197222,16.261389,0.0
553,Wierden,WDN,52.361389160156,6.5916666984558,0.0
554,Wijchen,WC,51.811668395996,5.730833530426,0.0
555,Wijhe,WH,52.390277862549,6.1405553817749,0.0
556,Wildert,GWD,51.4277061,4.4633962,0.0
557,Winschoten,WS,53.1392377,7.035101,0.0
558,Winsum,WSM,53.3300994,6.5202905,0.0
559,Winterswijk,WW,51.9677307,6.7155181,0.0
560,Winterswijk West,WWW,51.97453,6.70417,0.0
561,Woerden,WD,52.084999084473,4.8936109542847,1.0
562,Wolfheze,WF,52.005554199219,5.7936110496521,0.0
563,Wolfsburg Hbf,HWOB,52.429492,10.788195,0.0
564,Wolvega,WV,52.880832672119,6.0036110877991,0.0
565,Wörgl,WORGL,47.49178,12.06059,0.0
566,Workum,WK,52.9724864,5.4564285,0.0
567,Wormerveer,WM,52.489166259766,4.7922220230103,0.0
568,Wuppertal Hbf,WUPPH,51.25433,7.14939,0.0
569,Wuppertal-Barmen,KWBA,51.267082,7.195929,0.0
570,Wuppertal-Oberbarmen,KWO,51.273839,7.221483,0.0
571,Wuppertal-Vohwinkel,WUPPV,51.23351,7.07237,0.0
572,Würzburg Hbf,WURZB,49.80179,9.9358,0.0
573,Zaandam,ZD,52.438888549805,4.8136110305786,1.0
574,Zaandam Kogerveld,ZDK,52.456665039062,4.8202776908875,1.0
575,Zaandijk Zaanse Schans,ZZS,52.469165802002,4.8049998283386,1.0
576,Zaltbommel,ZBM,51.80888748169,5.2633333206177,0.0
577,Zandvoort aan Zee,ZVT,52.3752784729,4.5327777862549,1.0
578,Zetten-Andelst,ZA,51.920056,5.7228408,0.0
579,Zevenaar,ZV,51.923053741455,6.0719442367554,0.0
580,Zevenbergen,ZVB,51.64042,4.60904,0.0
581,Zoetermeer,ZTM,52.047500610352,4.4772224426269,1.0
582,Zoetermeer Oost,ZTMO,52.046390533447,4.4927778244019,1.0
583,Zuidbroek,ZB,53.159612280006,6.8679141998291,0.0
584,Zuidhorn,ZH,53.2486292,6.4062361,0.0
585,Zürich HB,ZUE,47.37819,8.5392,0.0
586,Zutphen,ZP,52.145278930664,6.1941666603088,0.0
587,Zwijndrecht,ZWD,51.814998626709,4.6416668891907,1.0
588,Zwijndrecht (B),LZD,51.214167,4.33,0.0
589,Zwolle,ZL,52.504722595215,6.0919442176819,0.0
590,Zwolle Stadshagen,ZLSH,52.52764,6.05146,0.0
